sheet,cell,formula
قرارداد,I5,=J5*30
قرارداد,J5,=K5*I$2+J$2
قرارداد,L5,"=IF(I5>0,$E$2,0)/30"
قرارداد,M5,"=IF(I5>0,$D$2,0)/30"
قرارداد,N5,"=IF(AND(F5=1, I5>0),$G$2,0)/30"
قرارداد,O5,=$F$2*G5/30
قرارداد,I6,=J6*30
قرارداد,J6,=K6*I$2+J$2
قرارداد,L6,"=IF(I6>0,$E$2,0)/30"
قرارداد,M6,"=IF(I6>0,$D$2,0)/30"
قرارداد,N6,"=IF(AND(F6=1, I6>0),$G$2,0)/30"
قرارداد,O6,=$F$2*G6/30
قرارداد,I7,=J7*30
قرارداد,J7,=K7*I$2+J$2
قرارداد,L7,"=IF(I7>0,$E$2,0)/30"
قرارداد,M7,"=IF(I7>0,$D$2,0)/30"
قرارداد,N7,"=IF(AND(F7=1, I7>0),$G$2,0)/30"
قرارداد,O7,=$F$2*G7/30
قرارداد,I8,=J8*30
قرارداد,J8,=K8*I$2+J$2
قرارداد,L8,"=IF(I8>0,$E$2,0)/30"
قرارداد,M8,"=IF(I8>0,$D$2,0)/30"
قرارداد,N8,"=IF(AND(F8=1, I8>0),$G$2,0)/30"
قرارداد,O8,=$F$2*G8/30
قرارداد,I9,=J9*30
قرارداد,J9,=K9*I$2+J$2
قرارداد,L9,"=IF(I9>0,$E$2,0)/30"
قرارداد,M9,"=IF(I9>0,$D$2,0)/30"
قرارداد,N9,"=IF(AND(F9=1, I9>0),$G$2,0)/30"
قرارداد,O9,=$F$2*G9/30
قرارداد,I11,=J11*30
قرارداد,J11,=K11*I$2+J$2
قرارداد,L11,"=IF(I11>0,$E$2,0)/30"
قرارداد,M11,"=IF(I11>0,$D$2,0)/30"
قرارداد,N11,"=IF(AND(F11=1, I11>0),$G$2,0)/30"
قرارداد,O11,=$F$2*G11/30
قرارداد,I12,=J12*30
قرارداد,L12,"=IF(I12>0,$E$2,0)/30"
قرارداد,M12,"=IF(I12>0,$D$2,0)/30"
قرارداد,N12,"=IF(AND(F12=1, I12>0),$G$2,0)/30"
قرارداد,O12,=$F$2*G12/30
قرارداد,I13,=J13*30
قرارداد,J13,=K13*K$2+J$2
قرارداد,N13,"=IF(AND(F13=1, I13>0),$G$2,0)/30"
قرارداد,O13,=$F$2*G13/30
قرارداد,I14,=J14*30
قرارداد,J14,=K14*K$2+J$2
قرارداد,L14,"=IF(I14>0,$E$2,0)/30"
قرارداد,M14,"=IF(I14>0,$D$2,0)/30"
قرارداد,N14,"=IF(AND(F14=1, I14>0),$G$2,0)/30"
قرارداد,O14,=$F$2*G14/30
قرارداد,I15,=J15*30
قرارداد,J15,=K15*K$2+J$2
قرارداد,I16,=J16*30
قرارداد,J16,=K16*I$2+J$2
قرارداد,L16,"=IF(I16>0,$E$2,0)/30"
قرارداد,M16,"=IF(I16>0,$D$2,0)/30"
قرارداد,N16,"=IF(AND(F16=1, I16>0),$G$2,0)/30"
قرارداد,O16,=$F$2*G16/30
قرارداد,I17,=J17*30
قرارداد,I18,=J18*30
قرارداد,J18,=K18*K$2+J$2
قرارداد,N18,"=IF(AND(F18=1, I18>0),$G$2,0)/30"
قرارداد,O18,=$F$2*G18/30
قرارداد,I19,=J19*30
قرارداد,J19,=K19*K$2+J$2
قرارداد,L19,"=IF(I19>0,$E$2,0)/30"
قرارداد,M19,"=IF(I19>0,$D$2,0)/30"
قرارداد,N19,"=IF(AND(F19=1, I19>0),$G$2,0)/30"
قرارداد,O19,=$F$2*G19/30
قرارداد,I20,=J20*31
قرارداد,J20,=K20*K$2+J$2
جدول مالیات,B5,"=_xlfn.TEXTJOIN( "" "", TRUE, قرارداد!B5,قرارداد!C5)"
جدول مالیات,C5,='لیست حقوق'!Q6
جدول مالیات,D5,=('لیست حقوق'!R6*2)/7
جدول مالیات,E5,=C5-D5
جدول مالیات,F5,"=(IF($E5>F$3,F$3,$E5-F$2))*F$4"
جدول مالیات,G5,"=IF((IF($E5>G$3,G$3,$E5-G$2))*G$4>0,(IF($E5>G$3,G$3-F$3,$E5-G$2))*G$4,0)"
جدول مالیات,H5,"=IF((IF($E5>H$3,H$3,$E5-H$2))*H$4>0,(IF($E5>H$3,H$3-G$3,$E5-H$2))*H$4,0)"
جدول مالیات,I5,"=IF((IF($E5>I$3,I$3,$E5-I$2))*I$4>0,(IF($E5>I$3,I$3-H$3,$E5-I$2))*I$4,0)"
جدول مالیات,J5,"=IF((IF($E5>J$3,J$3,$E5-J$2))*J$4>0,(IF($E5>J$3,J$3-I$3,$E5-J$2))*J$4,0)"
جدول مالیات,K5,"=IF($E5>K$2,$E5-K$2,0)*K$4"
جدول مالیات,L5,=SUM(F5:K5)
جدول مالیات,B6,"=_xlfn.TEXTJOIN( "" "", TRUE, قرارداد!B6,قرارداد!C6)"
جدول مالیات,C6,='لیست حقوق'!Q7
جدول مالیات,D6,=('لیست حقوق'!R7*2)/7
جدول مالیات,E6,=C6-D6
جدول مالیات,F6,"=(IF($E6>F$3,F$3,$E6-F$2))*F$4"
جدول مالیات,G6,"=IF((IF($E6>G$3,G$3,$E6-G$2))*G$4>0,(IF($E6>G$3,G$3-F$3,$E6-G$2))*G$4,0)"
جدول مالیات,H6,"=IF((IF($E6>H$3,H$3,$E6-H$2))*H$4>0,(IF($E6>H$3,H$3-G$3,$E6-H$2))*H$4,0)"
جدول مالیات,I6,"=IF((IF($E6>I$3,I$3,$E6-I$2))*I$4>0,(IF($E6>I$3,I$3-H$3,$E6-I$2))*I$4,0)"
جدول مالیات,J6,"=IF((IF($E6>J$3,J$3,$E6-J$2))*J$4>0,(IF($E6>J$3,J$3-I$3,$E6-J$2))*J$4,0)"
جدول مالیات,K6,"=IF($E6>K$2,$E6-K$2,0)*K$4"
جدول مالیات,L6,=SUM(F6:K6)
جدول مالیات,B7,"=_xlfn.TEXTJOIN( "" "", TRUE, قرارداد!B7,قرارداد!C7)"
جدول مالیات,C7,='لیست حقوق'!Q8
جدول مالیات,D7,=('لیست حقوق'!R8*2)/7
جدول مالیات,E7,=C7-D7
جدول مالیات,F7,"=(IF($E7>F$3,F$3,$E7-F$2))*F$4"
جدول مالیات,G7,"=IF((IF($E7>G$3,G$3,$E7-G$2))*G$4>0,(IF($E7>G$3,G$3-F$3,$E7-G$2))*G$4,0)"
جدول مالیات,H7,"=IF((IF($E7>H$3,H$3,$E7-H$2))*H$4>0,(IF($E7>H$3,H$3-G$3,$E7-H$2))*H$4,0)"
جدول مالیات,I7,"=IF((IF($E7>I$3,I$3,$E7-I$2))*I$4>0,(IF($E7>I$3,I$3-H$3,$E7-I$2))*I$4,0)"
جدول مالیات,J7,"=IF((IF($E7>J$3,J$3,$E7-J$2))*J$4>0,(IF($E7>J$3,J$3-I$3,$E7-J$2))*J$4,0)"
جدول مالیات,K7,"=IF($E7>K$2,$E7-K$2,0)*K$4"
جدول مالیات,L7,=SUM(F7:K7)
جدول مالیات,B8,"=_xlfn.TEXTJOIN( "" "", TRUE, قرارداد!B8,قرارداد!C8)"
جدول مالیات,C8,='لیست حقوق'!Q9
جدول مالیات,D8,=('لیست حقوق'!R9*2)/7
جدول مالیات,E8,=C8-D8
جدول مالیات,F8,"=(IF($E8>F$3,F$3,$E8-F$2))*F$4"
جدول مالیات,G8,"=IF((IF($E8>G$3,G$3,$E8-G$2))*G$4>0,(IF($E8>G$3,G$3-F$3,$E8-G$2))*G$4,0)"
جدول مالیات,H8,"=IF((IF($E8>H$3,H$3,$E8-H$2))*H$4>0,(IF($E8>H$3,H$3-G$3,$E8-H$2))*H$4,0)"
جدول مالیات,I8,"=IF((IF($E8>I$3,I$3,$E8-I$2))*I$4>0,(IF($E8>I$3,I$3-H$3,$E8-I$2))*I$4,0)"
جدول مالیات,J8,"=IF((IF($E8>J$3,J$3,$E8-J$2))*J$4>0,(IF($E8>J$3,J$3-I$3,$E8-J$2))*J$4,0)"
جدول مالیات,K8,"=IF($E8>K$2,$E8-K$2,0)*K$4"
جدول مالیات,L8,=SUM(F8:K8)
جدول مالیات,B9,"=_xlfn.TEXTJOIN( "" "", TRUE, قرارداد!B9,قرارداد!C9)"
جدول مالیات,C9,='لیست حقوق'!Q10
جدول مالیات,D9,=('لیست حقوق'!R10*2)/7
جدول مالیات,E9,=C9-D9
جدول مالیات,F9,"=(IF($E9>F$3,F$3,$E9-F$2))*F$4"
جدول مالیات,G9,"=IF((IF($E9>G$3,G$3,$E9-G$2))*G$4>0,(IF($E9>G$3,G$3-F$3,$E9-G$2))*G$4,0)"
جدول مالیات,H9,"=IF((IF($E9>H$3,H$3,$E9-H$2))*H$4>0,(IF($E9>H$3,H$3-G$3,$E9-H$2))*H$4,0)"
جدول مالیات,I9,"=IF((IF($E9>I$3,I$3,$E9-I$2))*I$4>0,(IF($E9>I$3,I$3-H$3,$E9-I$2))*I$4,0)"
جدول مالیات,J9,"=IF((IF($E9>J$3,J$3,$E9-J$2))*J$4>0,(IF($E9>J$3,J$3-I$3,$E9-J$2))*J$4,0)"
جدول مالیات,K9,"=IF($E9>K$2,$E9-K$2,0)*K$4"
جدول مالیات,L9,=SUM(F9:K9)
جدول مالیات,B10,"=_xlfn.TEXTJOIN( "" "", TRUE, قرارداد!B10,قرارداد!C10)"
جدول مالیات,C10,='لیست حقوق'!Q11
جدول مالیات,D10,=('لیست حقوق'!R11*2)/7
جدول مالیات,E10,=C10-D10
جدول مالیات,F10,"=(IF($E10>F$3,F$3,$E10-F$2))*F$4"
جدول مالیات,G10,"=IF((IF($E10>G$3,G$3,$E10-G$2))*G$4>0,(IF($E10>G$3,G$3-F$3,$E10-G$2))*G$4,0)"
جدول مالیات,H10,"=IF((IF($E10>H$3,H$3,$E10-H$2))*H$4>0,(IF($E10>H$3,H$3-G$3,$E10-H$2))*H$4,0)"
جدول مالیات,I10,"=IF((IF($E10>I$3,I$3,$E10-I$2))*I$4>0,(IF($E10>I$3,I$3-H$3,$E10-I$2))*I$4,0)"
جدول مالیات,J10,"=IF((IF($E10>J$3,J$3,$E10-J$2))*J$4>0,(IF($E10>J$3,J$3-I$3,$E10-J$2))*J$4,0)"
جدول مالیات,K10,"=IF($E10>K$2,$E10-K$2,0)*K$4"
جدول مالیات,L10,=SUM(F10:K10)
جدول مالیات,B11,"=_xlfn.TEXTJOIN( "" "", TRUE, قرارداد!B11,قرارداد!C11)"
جدول مالیات,C11,='لیست حقوق'!Q12
جدول مالیات,D11,=('لیست حقوق'!R12*2)/7
جدول مالیات,E11,=C11-D11
جدول مالیات,F11,"=(IF($E11>F$3,F$3,$E11-F$2))*F$4"
جدول مالیات,G11,"=IF((IF($E11>G$3,G$3,$E11-G$2))*G$4>0,(IF($E11>G$3,G$3-F$3,$E11-G$2))*G$4,0)"
جدول مالیات,H11,"=IF((IF($E11>H$3,H$3,$E11-H$2))*H$4>0,(IF($E11>H$3,H$3-G$3,$E11-H$2))*H$4,0)"
جدول مالیات,I11,"=IF((IF($E11>I$3,I$3,$E11-I$2))*I$4>0,(IF($E11>I$3,I$3-H$3,$E11-I$2))*I$4,0)"
جدول مالیات,J11,"=IF((IF($E11>J$3,J$3,$E11-J$2))*J$4>0,(IF($E11>J$3,J$3-I$3,$E11-J$2))*J$4,0)"
جدول مالیات,K11,"=IF($E11>K$2,$E11-K$2,0)*K$4"
جدول مالیات,L11,=SUM(F11:K11)
جدول مالیات,B12,"=_xlfn.TEXTJOIN( "" "", TRUE, قرارداد!B12,قرارداد!C12)"
جدول مالیات,C12,='لیست حقوق'!Q13
جدول مالیات,D12,=('لیست حقوق'!R13*2)/7
جدول مالیات,E12,=C12-D12
جدول مالیات,F12,"=(IF($E12>F$3,F$3,$E12-F$2))*F$4"
جدول مالیات,G12,"=IF((IF($E12>G$3,G$3,$E12-G$2))*G$4>0,(IF($E12>G$3,G$3-F$3,$E12-G$2))*G$4,0)"
جدول مالیات,H12,"=IF((IF($E12>H$3,H$3,$E12-H$2))*H$4>0,(IF($E12>H$3,H$3-G$3,$E12-H$2))*H$4,0)"
جدول مالیات,I12,"=IF((IF($E12>I$3,I$3,$E12-I$2))*I$4>0,(IF($E12>I$3,I$3-H$3,$E12-I$2))*I$4,0)"
جدول مالیات,J12,"=IF((IF($E12>J$3,J$3,$E12-J$2))*J$4>0,(IF($E12>J$3,J$3-I$3,$E12-J$2))*J$4,0)"
جدول مالیات,K12,"=IF($E12>K$2,$E12-K$2,0)*K$4"
جدول مالیات,L12,=SUM(F12:K12)
جدول مالیات,B13,"=_xlfn.TEXTJOIN( "" "", TRUE, قرارداد!B13,قرارداد!C13)"
جدول مالیات,C13,='لیست حقوق'!Q14
جدول مالیات,D13,=('لیست حقوق'!R14*2)/7
جدول مالیات,E13,=C13-D13
جدول مالیات,F13,"=(IF($E13>F$3,F$3,$E13-F$2))*F$4"
جدول مالیات,G13,"=IF((IF($E13>G$3,G$3,$E13-G$2))*G$4>0,(IF($E13>G$3,G$3-F$3,$E13-G$2))*G$4,0)"
جدول مالیات,H13,"=IF((IF($E13>H$3,H$3,$E13-H$2))*H$4>0,(IF($E13>H$3,H$3-G$3,$E13-H$2))*H$4,0)"
جدول مالیات,I13,"=IF((IF($E13>I$3,I$3,$E13-I$2))*I$4>0,(IF($E13>I$3,I$3-H$3,$E13-I$2))*I$4,0)"
جدول مالیات,J13,"=IF((IF($E13>J$3,J$3,$E13-J$2))*J$4>0,(IF($E13>J$3,J$3-I$3,$E13-J$2))*J$4,0)"
جدول مالیات,K13,"=IF($E13>K$2,$E13-K$2,0)*K$4"
جدول مالیات,L13,=SUM(F13:K13)
جدول مالیات,B14,"=_xlfn.TEXTJOIN( "" "", TRUE, قرارداد!B14,قرارداد!C14)"
جدول مالیات,C14,='لیست حقوق'!Q15
جدول مالیات,D14,=('لیست حقوق'!R15*2)/7
جدول مالیات,E14,=C14-D14
جدول مالیات,F14,"=(IF($E14>F$3,F$3,$E14-F$2))*F$4"
جدول مالیات,G14,"=IF((IF($E14>G$3,G$3,$E14-G$2))*G$4>0,(IF($E14>G$3,G$3-F$3,$E14-G$2))*G$4,0)"
جدول مالیات,H14,"=IF((IF($E14>H$3,H$3,$E14-H$2))*H$4>0,(IF($E14>H$3,H$3-G$3,$E14-H$2))*H$4,0)"
جدول مالیات,I14,"=IF((IF($E14>I$3,I$3,$E14-I$2))*I$4>0,(IF($E14>I$3,I$3-H$3,$E14-I$2))*I$4,0)"
جدول مالیات,J14,"=IF((IF($E14>J$3,J$3,$E14-J$2))*J$4>0,(IF($E14>J$3,J$3-I$3,$E14-J$2))*J$4,0)"
جدول مالیات,K14,"=IF($E14>K$2,$E14-K$2,0)*K$4"
جدول مالیات,L14,=SUM(F14:K14)
جدول مالیات,B15,"=_xlfn.TEXTJOIN( "" "", TRUE, قرارداد!B15,قرارداد!C15)"
جدول مالیات,C15,='لیست حقوق'!Q16
جدول مالیات,D15,=('لیست حقوق'!R16*2)/7
جدول مالیات,E15,=C15-D15
جدول مالیات,F15,"=(IF($E15>F$3,F$3,$E15-F$2))*F$4"
جدول مالیات,G15,"=IF((IF($E15>G$3,G$3,$E15-G$2))*G$4>0,(IF($E15>G$3,G$3-F$3,$E15-G$2))*G$4,0)"
جدول مالیات,H15,"=IF((IF($E15>H$3,H$3,$E15-H$2))*H$4>0,(IF($E15>H$3,H$3-G$3,$E15-H$2))*H$4,0)"
جدول مالیات,I15,"=IF((IF($E15>I$3,I$3,$E15-I$2))*I$4>0,(IF($E15>I$3,I$3-H$3,$E15-I$2))*I$4,0)"
جدول مالیات,J15,"=IF((IF($E15>J$3,J$3,$E15-J$2))*J$4>0,(IF($E15>J$3,J$3-I$3,$E15-J$2))*J$4,0)"
جدول مالیات,K15,"=IF($E15>K$2,$E15-K$2,0)*K$4"
جدول مالیات,L15,=SUM(F15:K15)
جدول مالیات,B16,"=_xlfn.TEXTJOIN( "" "", TRUE, قرارداد!B16,قرارداد!C16)"
جدول مالیات,C16,='لیست حقوق'!Q17
جدول مالیات,D16,=('لیست حقوق'!R17*2)/7
جدول مالیات,E16,=C16-D16
جدول مالیات,F16,"=(IF($E16>F$3,F$3,$E16-F$2))*F$4"
جدول مالیات,G16,"=IF((IF($E16>G$3,G$3,$E16-G$2))*G$4>0,(IF($E16>G$3,G$3-F$3,$E16-G$2))*G$4,0)"
جدول مالیات,H16,"=IF((IF($E16>H$3,H$3,$E16-H$2))*H$4>0,(IF($E16>H$3,H$3-G$3,$E16-H$2))*H$4,0)"
جدول مالیات,I16,"=IF((IF($E16>I$3,I$3,$E16-I$2))*I$4>0,(IF($E16>I$3,I$3-H$3,$E16-I$2))*I$4,0)"
جدول مالیات,J16,"=IF((IF($E16>J$3,J$3,$E16-J$2))*J$4>0,(IF($E16>J$3,J$3-I$3,$E16-J$2))*J$4,0)"
جدول مالیات,K16,"=IF($E16>K$2,$E16-K$2,0)*K$4"
جدول مالیات,L16,=SUM(F16:K16)
جدول مالیات,B17,"=_xlfn.TEXTJOIN( "" "", TRUE, قرارداد!B17,قرارداد!C17)"
جدول مالیات,C17,='لیست حقوق'!Q18
جدول مالیات,D17,=('لیست حقوق'!R18*2)/7
جدول مالیات,E17,=C17-D17
جدول مالیات,F17,"=(IF($E17>F$3,F$3,$E17-F$2))*F$4"
جدول مالیات,G17,"=IF((IF($E17>G$3,G$3,$E17-G$2))*G$4>0,(IF($E17>G$3,G$3-F$3,$E17-G$2))*G$4,0)"
جدول مالیات,H17,"=IF((IF($E17>H$3,H$3,$E17-H$2))*H$4>0,(IF($E17>H$3,H$3-G$3,$E17-H$2))*H$4,0)"
جدول مالیات,I17,"=IF((IF($E17>I$3,I$3,$E17-I$2))*I$4>0,(IF($E17>I$3,I$3-H$3,$E17-I$2))*I$4,0)"
جدول مالیات,J17,"=IF((IF($E17>J$3,J$3,$E17-J$2))*J$4>0,(IF($E17>J$3,J$3-I$3,$E17-J$2))*J$4,0)"
جدول مالیات,K17,"=IF($E17>K$2,$E17-K$2,0)*K$4"
جدول مالیات,L17,=SUM(F17:K17)
جدول مالیات,B18,"=_xlfn.TEXTJOIN( "" "", TRUE, قرارداد!B18,قرارداد!C18)"
جدول مالیات,C18,='لیست حقوق'!Q19
جدول مالیات,D18,=('لیست حقوق'!R19*2)/7
جدول مالیات,E18,=C18-D18
جدول مالیات,F18,"=(IF($E18>F$3,F$3,$E18-F$2))*F$4"
جدول مالیات,G18,"=IF((IF($E18>G$3,G$3,$E18-G$2))*G$4>0,(IF($E18>G$3,G$3-F$3,$E18-G$2))*G$4,0)"
جدول مالیات,H18,"=IF((IF($E18>H$3,H$3,$E18-H$2))*H$4>0,(IF($E18>H$3,H$3-G$3,$E18-H$2))*H$4,0)"
جدول مالیات,I18,"=IF((IF($E18>I$3,I$3,$E18-I$2))*I$4>0,(IF($E18>I$3,I$3-H$3,$E18-I$2))*I$4,0)"
جدول مالیات,J18,"=IF((IF($E18>J$3,J$3,$E18-J$2))*J$4>0,(IF($E18>J$3,J$3-I$3,$E18-J$2))*J$4,0)"
جدول مالیات,K18,"=IF($E18>K$2,$E18-K$2,0)*K$4"
جدول مالیات,L18,=SUM(F18:K18)
جدول مالیات,B19,"=_xlfn.TEXTJOIN( "" "", TRUE, قرارداد!B19,قرارداد!C19)"
جدول مالیات,C19,='لیست حقوق'!Q20
جدول مالیات,D19,=('لیست حقوق'!R20*2)/7
جدول مالیات,E19,=C19-D19
جدول مالیات,F19,"=(IF($E19>F$3,F$3,$E19-F$2))*F$4"
جدول مالیات,G19,"=IF((IF($E19>G$3,G$3,$E19-G$2))*G$4>0,(IF($E19>G$3,G$3-F$3,$E19-G$2))*G$4,0)"
جدول مالیات,H19,"=IF((IF($E19>H$3,H$3,$E19-H$2))*H$4>0,(IF($E19>H$3,H$3-G$3,$E19-H$2))*H$4,0)"
جدول مالیات,I19,"=IF((IF($E19>I$3,I$3,$E19-I$2))*I$4>0,(IF($E19>I$3,I$3-H$3,$E19-I$2))*I$4,0)"
جدول مالیات,J19,"=IF((IF($E19>J$3,J$3,$E19-J$2))*J$4>0,(IF($E19>J$3,J$3-I$3,$E19-J$2))*J$4,0)"
جدول مالیات,K19,"=IF($E19>K$2,$E19-K$2,0)*K$4"
جدول مالیات,L19,=SUM(F19:K19)
جدول مالیات,B20,"=_xlfn.TEXTJOIN( "" "", TRUE, قرارداد!B20,قرارداد!C20)"
جدول مالیات,C20,='لیست حقوق'!Q21
جدول مالیات,D20,=('لیست حقوق'!R21*2)/7
جدول مالیات,E20,=C20-D20
جدول مالیات,F20,"=(IF($E20>F$3,F$3,$E20-F$2))*F$4"
جدول مالیات,G20,"=IF((IF($E20>G$3,G$3,$E20-G$2))*G$4>0,(IF($E20>G$3,G$3-F$3,$E20-G$2))*G$4,0)"
جدول مالیات,H20,"=IF((IF($E20>H$3,H$3,$E20-H$2))*H$4>0,(IF($E20>H$3,H$3-G$3,$E20-H$2))*H$4,0)"
جدول مالیات,I20,"=IF((IF($E20>I$3,I$3,$E20-I$2))*I$4>0,(IF($E20>I$3,I$3-H$3,$E20-I$2))*I$4,0)"
جدول مالیات,J20,"=IF((IF($E20>J$3,J$3,$E20-J$2))*J$4>0,(IF($E20>J$3,J$3-I$3,$E20-J$2))*J$4,0)"
جدول مالیات,K20,"=IF($E20>K$2,$E20-K$2,0)*K$4"
جدول مالیات,L20,=SUM(F20:K20)
جدول مالیات,B21,"=_xlfn.TEXTJOIN( "" "", TRUE, قرارداد!B21,قرارداد!C21)"
جدول مالیات,C21,='لیست حقوق'!Q22
جدول مالیات,D21,=('لیست حقوق'!R22*2)/7
جدول مالیات,E21,=C21-D21
جدول مالیات,F21,"=(IF($E21>F$3,F$3,$E21-F$2))*F$4"
جدول مالیات,G21,"=IF((IF($E21>G$3,G$3,$E21-G$2))*G$4>0,(IF($E21>G$3,G$3-F$3,$E21-G$2))*G$4,0)"
جدول مالیات,H21,"=IF((IF($E21>H$3,H$3,$E21-H$2))*H$4>0,(IF($E21>H$3,H$3-G$3,$E21-H$2))*H$4,0)"
جدول مالیات,I21,"=IF((IF($E21>I$3,I$3,$E21-I$2))*I$4>0,(IF($E21>I$3,I$3-H$3,$E21-I$2))*I$4,0)"
جدول مالیات,J21,"=IF((IF($E21>J$3,J$3,$E21-J$2))*J$4>0,(IF($E21>J$3,J$3-I$3,$E21-J$2))*J$4,0)"
جدول مالیات,K21,"=IF($E21>K$2,$E21-K$2,0)*K$4"
جدول مالیات,L21,=SUM(F21:K21)
جدول مالیات,B22,"=_xlfn.TEXTJOIN( "" "", TRUE, قرارداد!B22,قرارداد!C22)"
جدول مالیات,C22,='لیست حقوق'!Q23
جدول مالیات,D22,=('لیست حقوق'!R23*2)/7
جدول مالیات,E22,=C22-D22
جدول مالیات,F22,"=(IF($E22>F$3,F$3,$E22-F$2))*F$4"
جدول مالیات,G22,"=IF((IF($E22>G$3,G$3,$E22-G$2))*G$4>0,(IF($E22>G$3,G$3-F$3,$E22-G$2))*G$4,0)"
جدول مالیات,H22,"=IF((IF($E22>H$3,H$3,$E22-H$2))*H$4>0,(IF($E22>H$3,H$3-G$3,$E22-H$2))*H$4,0)"
جدول مالیات,I22,"=IF((IF($E22>I$3,I$3,$E22-I$2))*I$4>0,(IF($E22>I$3,I$3-H$3,$E22-I$2))*I$4,0)"
جدول مالیات,J22,"=IF((IF($E22>J$3,J$3,$E22-J$2))*J$4>0,(IF($E22>J$3,J$3-I$3,$E22-J$2))*J$4,0)"
جدول مالیات,K22,"=IF($E22>K$2,$E22-K$2,0)*K$4"
جدول مالیات,L22,=SUM(F22:K22)
جدول مالیات,B23,"=_xlfn.TEXTJOIN( "" "", TRUE, قرارداد!B23,قرارداد!C23)"
جدول مالیات,C23,='لیست حقوق'!Q24
جدول مالیات,D23,=('لیست حقوق'!R24*2)/7
جدول مالیات,E23,=C23-D23
جدول مالیات,F23,"=(IF($E23>F$3,F$3,$E23-F$2))*F$4"
جدول مالیات,G23,"=IF((IF($E23>G$3,G$3,$E23-G$2))*G$4>0,(IF($E23>G$3,G$3-F$3,$E23-G$2))*G$4,0)"
جدول مالیات,H23,"=IF((IF($E23>H$3,H$3,$E23-H$2))*H$4>0,(IF($E23>H$3,H$3-G$3,$E23-H$2))*H$4,0)"
جدول مالیات,I23,"=IF((IF($E23>I$3,I$3,$E23-I$2))*I$4>0,(IF($E23>I$3,I$3-H$3,$E23-I$2))*I$4,0)"
جدول مالیات,J23,"=IF((IF($E23>J$3,J$3,$E23-J$2))*J$4>0,(IF($E23>J$3,J$3-I$3,$E23-J$2))*J$4,0)"
جدول مالیات,K23,"=IF($E23>K$2,$E23-K$2,0)*K$4"
جدول مالیات,L23,=SUM(F23:K23)
جدول مالیات,B24,"=_xlfn.TEXTJOIN( "" "", TRUE, قرارداد!B24,قرارداد!C24)"
جدول مالیات,C24,='لیست حقوق'!Q25
جدول مالیات,D24,=('لیست حقوق'!R25*2)/7
جدول مالیات,E24,=C24-D24
جدول مالیات,F24,"=(IF($E24>F$3,F$3,$E24-F$2))*F$4"
جدول مالیات,G24,"=IF((IF($E24>G$3,G$3,$E24-G$2))*G$4>0,(IF($E24>G$3,G$3-F$3,$E24-G$2))*G$4,0)"
جدول مالیات,H24,"=IF((IF($E24>H$3,H$3,$E24-H$2))*H$4>0,(IF($E24>H$3,H$3-G$3,$E24-H$2))*H$4,0)"
جدول مالیات,I24,"=IF((IF($E24>I$3,I$3,$E24-I$2))*I$4>0,(IF($E24>I$3,I$3-H$3,$E24-I$2))*I$4,0)"
جدول مالیات,J24,"=IF((IF($E24>J$3,J$3,$E24-J$2))*J$4>0,(IF($E24>J$3,J$3-I$3,$E24-J$2))*J$4,0)"
جدول مالیات,K24,"=IF($E24>K$2,$E24-K$2,0)*K$4"
جدول مالیات,L24,=SUM(F24:K24)
جدول مالیات,L25,=SUM(L5:L24)
جدول وام,F4,=D4/E4
جدول وام,U4,=F4-V4
جدول وام,V4,"=COUNTIF(I4:T6,""*"")"
جدول وام,W4,=E4*V4
جدول وام,X4,=E4*U4
جدول وام,F7,=D7/E7
جدول وام,U7,=F7-V7
جدول وام,V7,"=COUNTIF(I7:T9,""*"")"
جدول وام,W7,=E7*V7
جدول وام,X7,=E7*U7
جدول وام,F10,=D10/E10
جدول وام,U10,=F10-V10
جدول وام,V10,"=COUNTIF(I10:T13,""*"")"
جدول وام,W10,=E10*V10
جدول وام,X10,=E10*U10
جدول وام,F14,=D14/E14
جدول وام,U14,=F14-V14
جدول وام,V14,"=COUNTIF(I14:T15,""*"")"
جدول وام,W14,=E14*V14
جدول وام,X14,=E14*U14
جدول وام,F17,=D17/E17
جدول وام,U17,=F17-V17
جدول وام,V17,"=COUNTIF(I17:T18,""*"")"
جدول وام,W17,=E17*V17
جدول وام,X17,=E17*U17
جدول وام,F19,=D19/E19
جدول وام,U19,=F19-V19
جدول وام,V19,"=COUNTIF(I19:T20,""*"")"
جدول وام,W19,=E19*V19
جدول وام,X19,=E19*U19
جدول وام,F21,=D21/E21
جدول وام,U21,=F21-V21
جدول وام,V21,"=COUNTIF(I21:T23,""*"")"
جدول وام,W21,=E21*V21
جدول وام,X21,=E21*U21
جدول وام,F24,=D24/E24
جدول وام,U24,=F24-V24
جدول وام,V24,"=COUNTIF(I24:T25,""*"")"
جدول وام,W24,=E24*V24
جدول وام,X24,=E24*U24
جدول وام,F26,=D26/E26
جدول وام,U26,=F26-V26
جدول وام,V26,"=COUNTIF(I26:T27,""*"")"
جدول وام,W26,=E26*V26
جدول وام,X26,=E26*U26
جدول وام,F28,=D28/E28
جدول وام,U28,=F28-V28
جدول وام,V28,"=COUNTIF(I28:T29,""*"")"
جدول وام,W28,=V28*E28
جدول وام,X28,=E28*U28
جدول وام,F30,=D30/E30
جدول وام,U30,=F30-V30
جدول وام,V30,"=COUNTIF(I30:T31,""*"")"
جدول وام,W30,=V30*E30
جدول وام,X30,=E30*U30
جدول وام,F32,=D32/E32
جدول وام,U32,=F32-V32
جدول وام,V32,"=COUNTIF(I32:T34,""*"")"
جدول وام,W32,=V32*E32
جدول وام,X32,=E32*U32
جدول وام,F35,=D35/E35
جدول وام,U35,=F35-V35
جدول وام,V35,"=COUNTIF(I35:T35,""*"")"
جدول وام,W35,=V35*E35
جدول وام,X35,=E35*U35
جدول وام,F37,=D37/E37
جدول وام,U37,=F37-V37
جدول وام,V37,"=COUNTIF(I37:T42,""*"")"
جدول وام,W37,=E37*V37
جدول وام,X37,=E37*U37
جدول وام,F43,=D43/E43
جدول وام,U43,=F43-V43
جدول وام,V43,"=COUNTIF(I43:T44,""*"")"
جدول وام,W43,=V43*E43
جدول وام,X43,=E43*U43
جدول وام,F45,=D45/E45
جدول وام,V45,"=COUNTIF(I45:T47,""*"")"
لیست حقوق,B6,"=_xlfn.TEXTJOIN("" "",TRUE,قرارداد!B5,قرارداد!C5)"
لیست حقوق,E6,=C6-D6
لیست حقوق,F6,=((قرارداد!J5/7.33)+(قرارداد!J5/7.33)*40/100)*قرارداد!R5
لیست حقوق,G6,=H6*15/100
لیست حقوق,H6,=C6*قرارداد!J5
لیست حقوق,I6,"=قرارداد!L5*IF(C6>30,30,C6)"
لیست حقوق,J6,"=IF(C6>30,30,C6)*قرارداد!M5"
لیست حقوق,K6,"=IF(C6>30,30,C6)*قرارداد!N5"
لیست حقوق,L6,"=IF(C6>30,30,C6)*قرارداد!O5"
لیست حقوق,M6,=C6*قرارداد!P5
لیست حقوق,N6,=قرارداد!Q5*'لیست حقوق'!C6
لیست حقوق,P6,=((قرارداد!J5/7.33)+(قرارداد!J5/7.33)*40/100)*(O6)
لیست حقوق,Q6,=H6+L6+M6+N6+P6+I6+J6+K6+F6+G6
لیست حقوق,R6,=Z6*7/100
لیست حقوق,S6,='جدول مالیات'!L5
لیست حقوق,W6,=R6+S6+T6+U6+V6
لیست حقوق,X6,=-(Q6-W6-Y6)
لیست حقوق,Y6,"=MAX(0, ROUND(Q6-W6,-3))"
لیست حقوق,Z6,"=IFERROR(IF((Q6-L6)<(قرارداد!$C$2*30*7),(Q6-L6),(قرارداد!$C$2*7*C6)),0)"
لیست حقوق,B7,"=_xlfn.TEXTJOIN("" "",TRUE,قرارداد!B6,قرارداد!C6)"
لیست حقوق,E7,=C7-D7
لیست حقوق,F7,=((قرارداد!J6/7.33)+(قرارداد!J6/7.33)*40/100)*قرارداد!R6
لیست حقوق,H7,=C7*قرارداد!J6
لیست حقوق,I7,"=قرارداد!L6*IF(C7>30,30,C7)"
لیست حقوق,J7,"=IF(C7>30,30,C7)*قرارداد!M6"
لیست حقوق,K7,"=IF(C7>30,30,C7)*قرارداد!N6"
لیست حقوق,L7,"=IF(C7>30,30,C7)*قرارداد!O6"
لیست حقوق,M7,=C7*قرارداد!P6
لیست حقوق,N7,=قرارداد!Q6*'لیست حقوق'!C7
لیست حقوق,P7,=((قرارداد!J6/7.33)+(قرارداد!J6/7.33)*40/100)*(O7)
لیست حقوق,Q7,=H7+L7+M7+N7+P7+I7+J7+K7+F7+G7
لیست حقوق,R7,=Z7*7/100
لیست حقوق,S7,='جدول مالیات'!L6
لیست حقوق,W7,=R7+S7+T7+U7+V7
لیست حقوق,X7,=-(Q7-W7-Y7)
لیست حقوق,Y7,"=MAX(0, ROUND(Q7-W7,-3))"
لیست حقوق,Z7,"=IFERROR(IF((Q7-L7)<(قرارداد!$C$2*30*7),(Q7-L7),(قرارداد!$C$2*7*C7)),0)"
لیست حقوق,B8,"=_xlfn.TEXTJOIN("" "",TRUE,قرارداد!B7,قرارداد!C7)"
لیست حقوق,E8,=C8-D8
لیست حقوق,F8,=((قرارداد!J7/7.33)+(قرارداد!J7/7.33)*40/100)*قرارداد!R7
لیست حقوق,G8,=H8*15/100
لیست حقوق,H8,=C8*قرارداد!J7
لیست حقوق,I8,"=قرارداد!L7*IF(C8>30,30,C8)"
لیست حقوق,J8,"=IF(C8>30,30,C8)*قرارداد!M7"
لیست حقوق,K8,"=IF(C8>30,30,C8)*قرارداد!N7"
لیست حقوق,L8,"=IF(C8>30,30,C8)*قرارداد!O7"
لیست حقوق,M8,=C8*قرارداد!P7
لیست حقوق,N8,=قرارداد!Q7*'لیست حقوق'!C8
لیست حقوق,P8,=((قرارداد!J7/7.33)+(قرارداد!J7/7.33)*40/100)*(O8)
لیست حقوق,Q8,=H8+L8+M8+N8+P8+I8+J8+K8+F8+G8
لیست حقوق,R8,=Z8*7/100
لیست حقوق,S8,='جدول مالیات'!L7
لیست حقوق,W8,=R8+S8+T8+U8+V8
لیست حقوق,X8,=-(Q8-W8-Y8)
لیست حقوق,Y8,"=MAX(0, ROUND(Q8-W8,-3))"
لیست حقوق,Z8,"=IFERROR(IF((Q8-L8)<(قرارداد!$C$2*30*7),(Q8-L8),(قرارداد!$C$2*7*C8)),0)"
لیست حقوق,B9,"=_xlfn.TEXTJOIN("" "",TRUE,قرارداد!B8,قرارداد!C8)"
لیست حقوق,E9,=C9-D9
لیست حقوق,F9,=((قرارداد!J8/7.33)+(قرارداد!J8/7.33)*40/100)*قرارداد!R8
لیست حقوق,G9,=H9*15/100
لیست حقوق,H9,=C9*قرارداد!J8
لیست حقوق,I9,"=قرارداد!L8*IF(C9>30,30,C9)"
لیست حقوق,J9,"=IF(C9>30,30,C9)*قرارداد!M8"
لیست حقوق,K9,"=IF(C9>30,30,C9)*قرارداد!N8"
لیست حقوق,L9,"=IF(C9>30,30,C9)*قرارداد!O8"
لیست حقوق,M9,=C9*قرارداد!P8
لیست حقوق,N9,=قرارداد!Q8*'لیست حقوق'!C9
لیست حقوق,P9,=((قرارداد!J8/7.33)+(قرارداد!J8/7.33)*40/100)*(O9)
لیست حقوق,Q9,=H9+L9+M9+N9+P9+I9+J9+K9+F9+G9
لیست حقوق,R9,=Z9*7/100
لیست حقوق,S9,='جدول مالیات'!L8
لیست حقوق,W9,=R9+S9+T9+U9+V9
لیست حقوق,X9,=-(Q9-W9-Y9)
لیست حقوق,Y9,"=MAX(0, ROUND(Q9-W9,-3))"
لیست حقوق,Z9,"=IFERROR(IF((Q9-L9)<(قرارداد!$C$2*30*7),(Q9-L9),(قرارداد!$C$2*7*C9)),0)"
لیست حقوق,B10,"=_xlfn.TEXTJOIN("" "",TRUE,قرارداد!B9,قرارداد!C9)"
لیست حقوق,E10,=C10-D10
لیست حقوق,F10,=((قرارداد!J9/7.33)+(قرارداد!J9/7.33)*40/100)*قرارداد!R9
لیست حقوق,G10,=H10*15/100
لیست حقوق,H10,=C10*قرارداد!J9
لیست حقوق,I10,"=قرارداد!L9*IF(C10>30,30,C10)"
لیست حقوق,J10,"=IF(C10>30,30,C10)*قرارداد!M9"
لیست حقوق,K10,"=IF(C10>30,30,C10)*قرارداد!N9"
لیست حقوق,L10,"=IF(C10>30,30,C10)*قرارداد!O9"
لیست حقوق,M10,=C10*قرارداد!P9
لیست حقوق,N10,=قرارداد!Q9*'لیست حقوق'!C10
لیست حقوق,P10,=((قرارداد!J9/7.33)+(قرارداد!J9/7.33)*40/100)*(O10)
لیست حقوق,Q10,=H10+L10+M10+N10+P10+I10+J10+K10+F10+G10
لیست حقوق,R10,=Z10*7/100
لیست حقوق,S10,='جدول مالیات'!L9
لیست حقوق,W10,=R10+S10+T10+U10+V10
لیست حقوق,X10,=-(Q10-W10-Y10)
لیست حقوق,Y10,"=MAX(0, ROUND(Q10-W10,-3))"
لیست حقوق,Z10,"=IFERROR(IF((Q10-L10)<(قرارداد!$C$2*30*7),(Q10-L10),(قرارداد!$C$2*7*C10)),0)"
لیست حقوق,B11,"=_xlfn.TEXTJOIN("" "",TRUE,قرارداد!B10,قرارداد!C10)"
لیست حقوق,F11,=((قرارداد!J10/7.33)+(قرارداد!J10/7.33)*40/100)*قرارداد!R10
لیست حقوق,G11,=H11*15/100
لیست حقوق,H11,=C11*قرارداد!J10
لیست حقوق,I11,"=قرارداد!L10*IF(C11>30,30,C11)"
لیست حقوق,J11,"=IF(C11>30,30,C11)*قرارداد!M10"
لیست حقوق,K11,"=IF(C11>30,30,C11)*قرارداد!N10"
لیست حقوق,L11,"=IF(C11>30,30,C11)*قرارداد!O10"
لیست حقوق,M11,=C11*قرارداد!P10
لیست حقوق,N11,=قرارداد!Q10*'لیست حقوق'!C11
لیست حقوق,P11,=((قرارداد!J10/7.33)+(قرارداد!J10/7.33)*40/100)*(O11)
لیست حقوق,Q11,=H11+L11+M11+N11+P11+I11+J11+K11+F11+G11
لیست حقوق,R11,=Z11*7/100
لیست حقوق,S11,='جدول مالیات'!L10
لیست حقوق,W11,=R11+S11+T11+U11+V11
لیست حقوق,X11,=-(Q11-W11-Y11)
لیست حقوق,Y11,"=MAX(0, ROUND(Q11-W11,-3))"
لیست حقوق,Z11,"=IFERROR(IF((Q11-L11)<(قرارداد!$C$2*30*7),(Q11-L11),(قرارداد!$C$2*7*C11)),0)"
لیست حقوق,B12,"=_xlfn.TEXTJOIN("" "",TRUE,قرارداد!B11,قرارداد!C11)"
لیست حقوق,E12,=C12-D12
لیست حقوق,F12,=((قرارداد!J11/7.33)+(قرارداد!J11/7.33)*40/100)*قرارداد!R11
لیست حقوق,G12,=H12*15/100
لیست حقوق,H12,=C12*قرارداد!J11
لیست حقوق,I12,"=قرارداد!L11*IF(C12>30,30,C12)"
لیست حقوق,J12,"=IF(C12>30,30,C12)*قرارداد!M11"
لیست حقوق,K12,"=IF(C12>30,30,C12)*قرارداد!N11"
لیست حقوق,L12,"=IF(C12>30,30,C12)*قرارداد!O11"
لیست حقوق,M12,=C12*قرارداد!P11
لیست حقوق,N12,=قرارداد!Q11*'لیست حقوق'!C12
لیست حقوق,P12,=((قرارداد!J11/7.33)+(قرارداد!J11/7.33)*40/100)*(O12)
لیست حقوق,Q12,=H12+L12+M12+N12+P12+I12+J12+K12+F12+G12
لیست حقوق,R12,=Z12*7/100
لیست حقوق,S12,='جدول مالیات'!L11
لیست حقوق,W12,=R12+S12+T12+U12+V12
لیست حقوق,X12,=-(Q12-W12-Y12)
لیست حقوق,Y12,"=MAX(0, ROUND(Q12-W12,-3))"
لیست حقوق,Z12,"=IFERROR(IF((Q12-L12)<(قرارداد!$C$2*30*7),(Q12-L12),(قرارداد!$C$2*7*C12)),0)"
لیست حقوق,B13,"=_xlfn.TEXTJOIN("" "",TRUE,قرارداد!B12,قرارداد!C12)"
لیست حقوق,E13,=C13-D13
لیست حقوق,F13,=((قرارداد!J12/7.33)+(قرارداد!J12/7.33)*40/100)*قرارداد!R12
لیست حقوق,H13,=C13*قرارداد!J12
لیست حقوق,I13,"=قرارداد!L12*IF(C13>30,30,C13)"
لیست حقوق,J13,"=IF(C13>30,30,C13)*قرارداد!M12"
لیست حقوق,K13,"=IF(C13>30,30,C13)*قرارداد!N12"
لیست حقوق,L13,"=IF(C13>30,30,C13)*قرارداد!O12"
لیست حقوق,M13,=C13*قرارداد!P12
لیست حقوق,N13,=قرارداد!Q12*'لیست حقوق'!C13
لیست حقوق,P13,=((5176500/7.33)+(5176500/7.33)*40/100)*(O13)
لیست حقوق,Q13,=H13+L13+M13+N13+P13+I13+J13+K13+F13+G13
لیست حقوق,R13,=Z13*7/100
لیست حقوق,S13,='جدول مالیات'!L12
لیست حقوق,W13,=R13+S13+T13+U13+V13
لیست حقوق,X13,=-(Q13-W13-Y13)
لیست حقوق,Y13,"=MAX(0, ROUND(Q13-W13,-3))"
لیست حقوق,Z13,"=IFERROR(IF((Q13-L13)<(قرارداد!$C$2*30*7),(Q13-L13),(قرارداد!$C$2*7*C13)),0)"
لیست حقوق,B14,"=_xlfn.TEXTJOIN("" "",TRUE,قرارداد!B13,قرارداد!C13)"
لیست حقوق,E14,=C14-D14
لیست حقوق,F14,=((قرارداد!J13/7.33)+(قرارداد!J13/7.33)*40/100)*قرارداد!R13
لیست حقوق,H14,=C14*قرارداد!J13
لیست حقوق,I14,"=قرارداد!L13*IF(C14>30,30,C14)"
لیست حقوق,J14,"=IF(C14>30,30,C14)*قرارداد!M13"
لیست حقوق,K14,"=IF(C14>30,30,C14)*قرارداد!N13"
لیست حقوق,L14,"=IF(C14>30,30,C14)*قرارداد!O13"
لیست حقوق,M14,=C14*قرارداد!P13
لیست حقوق,N14,=قرارداد!Q13*'لیست حقوق'!C14
لیست حقوق,P14,=((5176500/7.33)+(5176500/7.33)*40/100)*(O14)
لیست حقوق,Q14,=H14+L14+M14+N14+P14+I14+J14+K14+F14+G14
لیست حقوق,W14,=R14+S14+T14+U14+V14
لیست حقوق,X14,=-(Q14-W14-Y14)
لیست حقوق,Y14,"=MAX(0, ROUND(Q14-W14,-3))"
لیست حقوق,B15,"=_xlfn.TEXTJOIN("" "",TRUE,قرارداد!B14,قرارداد!C14)"
لیست حقوق,E15,=C15-D15
لیست حقوق,F15,=((قرارداد!J14/7.33)+(قرارداد!J14/7.33)*40/100)*قرارداد!R14
لیست حقوق,H15,=C15*قرارداد!J14
لیست حقوق,I15,"=قرارداد!L14*IF(C15>30,30,C15)"
لیست حقوق,J15,"=IF(C15>30,30,C15)*قرارداد!M14"
لیست حقوق,K15,"=IF(C15>30,30,C15)*قرارداد!N14"
لیست حقوق,L15,"=IF(C15>30,30,C15)*قرارداد!O14"
لیست حقوق,M15,=C15*قرارداد!P14
لیست حقوق,N15,=قرارداد!Q14*'لیست حقوق'!C15
لیست حقوق,P15,=((قرارداد!J14/7.33)+(قرارداد!J14/7.33)*40/100)*(O15)
لیست حقوق,Q15,=H15+L15+M15+N15+P15+I15+J15+K15+F15+G15
لیست حقوق,R15,=Z15*7/100
لیست حقوق,S15,='جدول مالیات'!L14
لیست حقوق,W15,=R15+S15+T15+U15+V15
لیست حقوق,X15,=-(Q15-W15-Y15)
لیست حقوق,Y15,"=MAX(0, ROUND(Q15-W15,-3))"
لیست حقوق,Z15,"=IFERROR(IF((Q15-L15)<(قرارداد!$C$2*30*7),(Q15-L15),(قرارداد!$C$2*7*C15)),0)"
لیست حقوق,B16,"=_xlfn.TEXTJOIN("" "",TRUE,قرارداد!B15,قرارداد!C15)"
لیست حقوق,E16,=C16-D16
لیست حقوق,F16,=((قرارداد!J15/7.33)+(قرارداد!J15/7.33)*40/100)*قرارداد!R15
لیست حقوق,H16,=C16*قرارداد!J15
لیست حقوق,I16,"=قرارداد!L15*IF(C16>30,30,C16)"
لیست حقوق,J16,"=IF(C16>30,30,C16)*قرارداد!M15"
لیست حقوق,K16,"=IF(C16>30,30,C16)*قرارداد!N15"
لیست حقوق,L16,"=IF(C16>30,30,C16)*قرارداد!O15"
لیست حقوق,M16,=C16*قرارداد!P15
لیست حقوق,N16,=قرارداد!Q15*'لیست حقوق'!C16
لیست حقوق,P16,=((قرارداد!J15/7.33)+(قرارداد!J15/7.33)*40/100)*(O16)
لیست حقوق,Q16,=H16+L16+M16+N16+P16+I16+J16+K16+F16+G16
لیست حقوق,W16,=R16+S16+T16+U16+V16
لیست حقوق,X16,=-(Q16-W16-Y16)
لیست حقوق,Y16,"=MAX(0, ROUND(Q16-W16,-3))"
لیست حقوق,B17,"=_xlfn.TEXTJOIN("" "",TRUE,قرارداد!B16,قرارداد!C16)"
لیست حقوق,E17,=C17-D17
لیست حقوق,F17,=((قرارداد!J16/7.33)+(قرارداد!J16/7.33)*40/100)*قرارداد!R16
لیست حقوق,H17,=C17*قرارداد!J16
لیست حقوق,I17,"=قرارداد!L16*IF(C17>30,30,C17)"
لیست حقوق,J17,"=IF(C17>30,30,C17)*قرارداد!M16"
لیست حقوق,K17,"=IF(C17>30,30,C17)*قرارداد!N16"
لیست حقوق,L17,"=IF(C17>30,30,C17)*قرارداد!O16"
لیست حقوق,M17,=C17*قرارداد!P16
لیست حقوق,N17,=قرارداد!Q16*'لیست حقوق'!C17
لیست حقوق,P17,=((قرارداد!J16/7.33)+(قرارداد!J16/7.33)*40/100)*(O17)
لیست حقوق,Q17,=H17+L17+M17+N17+P17+I17+J17+K17+F17+G17
لیست حقوق,R17,=Z17*7/100
لیست حقوق,S17,='جدول مالیات'!L16
لیست حقوق,W17,=R17+S17+T17+U17+V17
لیست حقوق,X17,=-(Q17-W17-Y17)
لیست حقوق,Y17,"=MAX(0, ROUND(Q17-W17,-3))"
لیست حقوق,Z17,"=IFERROR(IF((Q17-L17)<(قرارداد!$C$2*30*7),(Q17-L17),(قرارداد!$C$2*7*C17)),0)"
لیست حقوق,B18,"=_xlfn.TEXTJOIN("" "",TRUE,قرارداد!B17,قرارداد!C17)"
لیست حقوق,E18,=C18-D18
لیست حقوق,F18,=((قرارداد!J17/7.33)+(قرارداد!J17/7.33)*40/100)*قرارداد!R17
لیست حقوق,H18,=C18*قرارداد!J17-Y17
لیست حقوق,I18,"=قرارداد!L17*IF(C18>30,30,C18)"
لیست حقوق,J18,"=IF(C18>30,30,C18)*قرارداد!M17"
لیست حقوق,K18,"=IF(C18>30,30,C18)*قرارداد!N17"
لیست حقوق,L18,"=IF(C18>30,30,C18)*قرارداد!O17"
لیست حقوق,M18,=C18*قرارداد!P17
لیست حقوق,N18,=قرارداد!Q17*'لیست حقوق'!C18
لیست حقوق,P18,=22500000*O18
لیست حقوق,Q18,=H18+L18+M18+N18+P18+I18+J18+K18+F18+G18
لیست حقوق,R18,=Z18*7/100
لیست حقوق,W18,=R18+S18+T18+U18+V18
لیست حقوق,X18,=-(Q18-W18-Y18)
لیست حقوق,Y18,"=MAX(0, ROUND(Q18-W18,-3))"
لیست حقوق,B19,"=_xlfn.TEXTJOIN("" "",TRUE,قرارداد!B18,قرارداد!C18)"
لیست حقوق,E19,=C19-D19
لیست حقوق,F19,=((قرارداد!J18/7.33)+(قرارداد!J18/7.33)*40/100)*قرارداد!R18
لیست حقوق,H19,=C19*قرارداد!J18
لیست حقوق,I19,"=قرارداد!L18*IF(C19>30,30,C19)"
لیست حقوق,J19,"=IF(C19>30,30,C19)*قرارداد!M18"
لیست حقوق,K19,"=IF(C19>30,30,C19)*قرارداد!N18"
لیست حقوق,L19,"=IF(C19>30,30,C19)*قرارداد!O18"
لیست حقوق,M19,=C19*قرارداد!P18
لیست حقوق,N19,=قرارداد!Q18*'لیست حقوق'!C19
لیست حقوق,P19,=((قرارداد!J18/7.33)+(قرارداد!J18/7.33)*40/100)*(O19)
لیست حقوق,Q19,=H19+L19+M19+N19+P19+I19+J19+K19+F19+G19
لیست حقوق,W19,=R19+S19+T19+U19+V19
لیست حقوق,X19,=-(Q19-W19-Y19)
لیست حقوق,Y19,"=MAX(0, ROUND(Q19-W19,-3))"
لیست حقوق,B20,"=_xlfn.TEXTJOIN("" "",TRUE,قرارداد!B19,قرارداد!C19)"
لیست حقوق,E20,=C20-D20
لیست حقوق,H20,=C20*قرارداد!J19
لیست حقوق,I20,"=قرارداد!L19*IF(C20>30,30,C20)"
لیست حقوق,J20,"=IF(C20>30,30,C20)*قرارداد!M19"
لیست حقوق,K20,"=IF(C20>30,30,C20)*قرارداد!N19"
لیست حقوق,L20,"=IF(C20>30,30,C20)*قرارداد!O19"
لیست حقوق,M20,=C20*قرارداد!P19
لیست حقوق,P20,=((قرارداد!J5/7.33)+(قرارداد!J5/7.33)*40/100)*(O20)
لیست حقوق,Q20,=H20+L20+M20+N20+P20+I20+J20+K20+F20+G20
لیست حقوق,R20,=Z20*7/100
لیست حقوق,S20,='جدول مالیات'!L19
لیست حقوق,W20,=R20+S20+T20+U20+V20
لیست حقوق,X20,=-(Q20-W20-Y20)
لیست حقوق,Y20,"=MAX(0, ROUND(Q20-W20,-3))"
لیست حقوق,Z20,"=IFERROR(IF((Q20-L20)<(قرارداد!$C$2*30*7),(Q20-L20),(قرارداد!$C$2*7*C20)),0)"
لیست حقوق,E21,=C21-D21
لیست حقوق,F21,=((قرارداد!J20/7.33)+(قرارداد!J20/7.33)*40/100)*قرارداد!R20
لیست حقوق,H21,=C21*قرارداد!J20
لیست حقوق,I21,"=قرارداد!L20*IF(C21>30,30,C21)"
لیست حقوق,J21,"=IF(C21>30,30,C21)*قرارداد!M20"
لیست حقوق,K21,"=IF(C21>30,30,C21)*قرارداد!N20"
لیست حقوق,L21,"=IF(C21>30,30,C21)*قرارداد!O20"
لیست حقوق,M21,=C21*قرارداد!P20
لیست حقوق,N21,=قرارداد!Q20*'لیست حقوق'!C21
لیست حقوق,P21,=((قرارداد!J20/7.33)+(قرارداد!J20/7.33)*40/100)*(O21)
لیست حقوق,Q21,=H21+L21+M21+N21+P21+I21+J21+K21+F21+G21
لیست حقوق,W21,=R21+S21+T21+U21+V21
لیست حقوق,X21,=-(Q21-W21-Y21)
لیست حقوق,Y21,"=MAX(0, ROUND(Q21-W21,-3))"
لیست حقوق,B22,"=_xlfn.TEXTJOIN("" "",TRUE,قرارداد!B21,قرارداد!C21)"
لیست حقوق,B23,"=_xlfn.TEXTJOIN("" "",TRUE,قرارداد!B22,قرارداد!C22)"
لیست حقوق,B24,"=_xlfn.TEXTJOIN("" "",TRUE,قرارداد!B23,قرارداد!C23)"
لیست حقوق,B25,"=_xlfn.TEXTJOIN("" "",TRUE,قرارداد!B24,قرارداد!C24)"
لیست حقوق,C26,=SUM(C6:C25)
لیست حقوق,D26,=SUM(D6:D25)
لیست حقوق,E26,=SUM(E6:E25)
لیست حقوق,F26,=SUM(F6:F25)
لیست حقوق,G26,=SUM(G6:G25)
لیست حقوق,H26,=SUM(H6:H25)
لیست حقوق,I26,=SUM(I6:I25)
لیست حقوق,J26,=SUM(J6:J25)
لیست حقوق,K26,=SUM(K6:K25)
لیست حقوق,L26,=SUM(L6:L25)
لیست حقوق,M26,=SUM(M6:M25)
لیست حقوق,N26,=SUM(N6:N25)
لیست حقوق,O26,=SUM(O6:O25)
لیست حقوق,P26,=SUM(P6:P25)
لیست حقوق,Q26,=SUM(Q6:Q25)
لیست حقوق,R26,=SUM(R6:R25)
لیست حقوق,S26,=SUM(S6:S25)
لیست حقوق,T26,=SUM(T6:T25)
لیست حقوق,U26,=SUM(U6:U25)
لیست حقوق,V26,=SUM(V6:V25)
لیست حقوق,W26,=SUM(W6:W25)
لیست حقوق,X26,=SUM(X6:X25)
لیست حقوق,Y26,=SUM(Y6:Y25)
لیست حقوق,Z26,=SUM(Z6:Z25)
لیست حقوق,R27,=Z26*20%
لیست حقوق,R28,=Z26*3%
لیست حقوق,P29,=R27+R28+Q26+S26
لیست حقوق,R29,=R26+R27+R28
فیش حقوقی,F2,"=CONCATENATE( 'لیست حقوق'!W2,"" "",'لیست حقوق'!Y2)"
فیش حقوقی,D3,"=VLOOKUP(B3,'لیست حقوق'!A3:B34,2,0)"
فیش حقوقی,F3,"=VLOOKUP(B3,قرارداد!A4:D29,4,0)"
فیش حقوقی,B5,"=VLOOKUP('فیش حقوقی'!B3,'لیست حقوق'!A6:C34,3,0)"
فیش حقوقی,D5,"=VLOOKUP(B3,'لیست حقوق'!A6:Z34,8,0)"
فیش حقوقی,F5,"=VLOOKUP(B3,'لیست حقوق'!A6:X34,18,0)"
فیش حقوقی,D6,"=VLOOKUP(B3,'لیست حقوق'!A6:Z34,9,0)"
فیش حقوقی,D7,"=VLOOKUP(B3,'لیست حقوق'!A6:Z34,10,0)"
فیش حقوقی,F7,"=VLOOKUP(B$3,'لیست حقوق'!A5:X33,19,0)"
فیش حقوقی,B8,"=VLOOKUP(B3,'لیست حقوق'!A6:O34,15,0)"
فیش حقوقی,D8,"=VLOOKUP(B3,'لیست حقوق'!A6:X34,11,0)"
فیش حقوقی,D9,"=VLOOKUP(B3,'لیست حقوق'!A6:X34,12,0)"
فیش حقوقی,F9,"=VLOOKUP(B$3,'لیست حقوق'!A5:X33,20,0)"
فیش حقوقی,D10,"=VLOOKUP(B3,'لیست حقوق'!A6:X34,7,0)"
فیش حقوقی,B11,"=VLOOKUP('فیش حقوقی'!B3,'لیست حقوق'!A6:D34,4,0)"
فیش حقوقی,D11,"=VLOOKUP(B3,'لیست حقوق'!A6:X34,13,0)"
فیش حقوقی,F11,"=VLOOKUP(B$3,'لیست حقوق'!A5:X33,22,0)"
فیش حقوقی,D12,"=VLOOKUP(B3,'لیست حقوق'!A6:X34,14,0)"
فیش حقوقی,D13,"=VLOOKUP(B3,'لیست حقوق'!A6:X34,16,0)"
فیش حقوقی,D14,"=VLOOKUP(B3,'لیست حقوق'!A6:X34,6,0)"
فیش حقوقی,D15,=SUM(D5:D14)
فیش حقوقی,F15,=SUM(F5:F14)
فیش حقوقی,D16,"=VLOOKUP(B3,'لیست حقوق'!A6:X34,24,0)"
فیش حقوقی,D17,"=VLOOKUP(B3,'لیست حقوق'!A6:Z34,25,0)"
مرخصی ها,B4,"=_xlfn.TEXTJOIN("" "",TRUE,قرارداد!B5,قرارداد!C5)"
مرخصی ها,O4,=SUM(C4:N4)
مرخصی ها,B5,"=_xlfn.TEXTJOIN("" "",TRUE,قرارداد!B6,قرارداد!C6)"
مرخصی ها,O5,=SUM(C5:N5)
مرخصی ها,B6,"=_xlfn.TEXTJOIN("" "",TRUE,قرارداد!B7,قرارداد!C7)"
مرخصی ها,O6,=SUM(C6:N6)
مرخصی ها,B7,"=_xlfn.TEXTJOIN("" "",TRUE,قرارداد!B8,قرارداد!C8)"
مرخصی ها,O7,=SUM(C7:N7)
مرخصی ها,B8,"=_xlfn.TEXTJOIN("" "",TRUE,قرارداد!B9,قرارداد!C9)"
مرخصی ها,O8,=SUM(C8:N8)
مرخصی ها,B9,"=_xlfn.TEXTJOIN("" "",TRUE,قرارداد!B10,قرارداد!C10)"
مرخصی ها,O9,=SUM(C9:N9)
مرخصی ها,B10,"=_xlfn.TEXTJOIN("" "",TRUE,قرارداد!B11,قرارداد!C11)"
مرخصی ها,O10,=SUM(C10:N10)
مرخصی ها,B11,"=_xlfn.TEXTJOIN("" "",TRUE,قرارداد!B12,قرارداد!C12)"
مرخصی ها,O11,=SUM(C11:N11)
مرخصی ها,B12,"=_xlfn.TEXTJOIN("" "",TRUE,قرارداد!B13,قرارداد!C13)"
مرخصی ها,O12,=SUM(C12:N12)
مرخصی ها,B13,"=_xlfn.TEXTJOIN("" "",TRUE,قرارداد!B14,قرارداد!C14)"
مرخصی ها,O13,=SUM(C13:N13)
مرخصی ها,B14,"=_xlfn.TEXTJOIN("" "",TRUE,قرارداد!B15,قرارداد!C15)"
مرخصی ها,O14,=SUM(C14:N14)
مرخصی ها,B15,"=_xlfn.TEXTJOIN("" "",TRUE,قرارداد!B16,قرارداد!C16)"
مرخصی ها,O15,=SUM(C15:N15)
مرخصی ها,B16,"=_xlfn.TEXTJOIN("" "",TRUE,قرارداد!B17,قرارداد!C17)"
مرخصی ها,O16,=SUM(C16:N16)
مرخصی ها,B17,"=_xlfn.TEXTJOIN("" "",TRUE,قرارداد!B18,قرارداد!C18)"
مرخصی ها,O17,=SUM(C17:N17)
مرخصی ها,B18,"=_xlfn.TEXTJOIN("" "",TRUE,قرارداد!B19,قرارداد!C19)"
مرخصی ها,O18,=SUM(C18:N18)
مرخصی ها,B19,"=_xlfn.TEXTJOIN("" "",TRUE,قرارداد!B20,قرارداد!C20)"
مرخصی ها,O19,=SUM(C19:N19)
مرخصی ها,B20,"=_xlfn.TEXTJOIN("" "",TRUE,قرارداد!B21,قرارداد!C21)"
مرخصی ها,O20,=SUM(C20:N20)
مرخصی ها,B21,"=_xlfn.TEXTJOIN("" "",TRUE,قرارداد!B22,قرارداد!C22)"
مرخصی ها,O21,=SUM(C21:N21)
مساعده ها,C7,=SUM(C1:C6)
